pair,participant,trial,trial_id,story_id,target,correct_target,icon,index,prop,size,distance,item_num,producer,guesser,strategy_combo
pair00,p01,1,13,ep1,window,1,1,1,0,element,proximate,1,pair00_p01,pair00_p02,both
pair00,p02,2,3,cd3,mountains,0,1,0,0,complete,displaced,3,pair00_p02,pair00_p01,icon_only
pair00,p01,3,10,ed2,sofa,1,1,0,0,element,displaced,2,pair00_p01,pair00_p02,icon_only
pair00,p02,4,8,cp4,city,0,0,0,0,complete,proximate,4,pair00_p02,pair00_p01,neither
pair00,p01,5,15,ep3,coathanger,1,1,0,0,element,proximate,3,pair00_p01,pair00_p02,icon_only
pair00,p02,6,9,ed1,stairs,0,1,0,0,element,displaced,1,pair00_p02,pair00_p01,icon_only
pair00,p01,7,6,cp2,basement,1,1,0,0,complete,proximate,2,pair00_p01,pair00_p02,icon_only
pair00,p02,8,1,cd1,house,0,1,0,0,complete,displaced,1,pair00_p02,pair00_p01,icon_only
pair00,p01,9,14,ep2,chair,1,1,0,0,element,proximate,2,pair00_p01,pair00_p02,icon_only
pair00,p02,10,12,ed4,carpet,0,1,0,0,element,displaced,4,pair00_p02,pair00_p01,icon_only
pair00,p01,11,5,cp1,room,1,1,0,0,complete,proximate,1,pair00_p01,pair00_p02,icon_only
pair00,p02,12,2,cd2,attic,0,1,1,0,complete,displaced,2,pair00_p02,pair00_p01,both
pair00,p01,13,16,ep4,painting,1,1,0,0,element,proximate,4,pair00_p01,pair00_p02,icon_only
pair00,p02,14,7,cp3,laboratory,0,1,0,0,complete,proximate,3,pair00_p02,pair00_p01,icon_only
pair00,p01,15,11,ed3,tree,0,1,0,0,element,displaced,3,pair00_p01,pair00_p02,icon_only
pair00,p02,16,4,cd4,countryside,0,1,0,0,complete,displaced,4,pair00_p02,pair00_p01,icon_only
pair01,p03,1,14,ep2,chair,1,0,1,1,element,proximate,2,pair01_p03,pair01_p04,index_only
pair01,p04,2,9,ed1,stairs,0,1,1,0,element,displaced,1,pair01_p04,pair01_p03,both
pair01,p03,3,8,cp4,city,0,0,0,0,complete,proximate,4,pair01_p03,pair01_p04,neither
pair01,p04,4,2,cd2,attic,0,1,1,0,complete,displaced,2,pair01_p04,pair01_p03,both
pair01,p03,5,16,ep4,painting,1,0,1,1,element,proximate,4,pair01_p03,pair01_p04,index_only
pair01,p04,6,7,cp3,laboratory,0,0,0,0,complete,proximate,3,pair01_p04,pair01_p03,neither
pair01,p03,7,11,ed3,tree,1,1,0,0,element,displaced,3,pair01_p03,pair01_p04,icon_only
pair01,p04,8,1,cd1,house,0,1,0,0,complete,displaced,1,pair01_p04,pair01_p03,icon_only
pair01,p03,9,13,ep1,window,0,1,0,0,element,proximate,1,pair01_p03,pair01_p04,icon_only
pair01,p04,10,6,cp2,basement,1,1,1,0,complete,proximate,2,pair01_p04,pair01_p03,both
pair01,p03,11,12,ed4,carpet,1,1,0,0,element,displaced,4,pair01_p03,pair01_p04,icon_only
pair01,p04,12,3,cd3,mountains,0,1,1,0,complete,displaced,3,pair01_p04,pair01_p03,both
pair01,p03,13,15,ep3,coathanger,1,0,1,1,element,proximate,3,pair01_p03,pair01_p04,index_only
pair01,p04,14,10,ed2,sofa,1,1,1,1,element,displaced,2,pair01_p04,pair01_p03,both
pair01,p03,15,5,cp1,room,1,1,1,0,complete,proximate,1,pair01_p03,pair01_p04,both
pair01,p04,16,4,cd4,countryside,1,1,0,0,complete,displaced,4,pair01_p04,pair01_p03,icon_only
pair02,p05,1,15,ep3,coathanger,1,1,0,0,element,proximate,3,pair02_p05,pair02_p06,icon_only
pair02,p06,2,5,cp1,room,0,0,0,0,complete,proximate,1,pair02_p06,pair02_p05,neither
pair02,p05,3,12,ed4,carpet,1,1,0,0,element,displaced,4,pair02_p05,pair02_p06,icon_only
pair02,p06,4,3,cd3,mountains,0,0,1,0,complete,displaced,3,pair02_p06,pair02_p05,index_only
pair02,p05,5,14,ep2,chair,1,0,1,1,element,proximate,2,pair02_p05,pair02_p06,index_only
pair02,p06,6,10,ed2,sofa,1,1,1,1,element,displaced,2,pair02_p06,pair02_p05,both
pair02,p05,7,8,cp4,city,0,0,0,0,complete,proximate,4,pair02_p05,pair02_p06,neither
pair02,p06,8,4,cd4,countryside,1,1,0,0,complete,displaced,4,pair02_p06,pair02_p05,icon_only
pair02,p05,9,16,ep4,painting,1,0,1,1,element,proximate,4,pair02_p05,pair02_p06,index_only
pair02,p06,10,7,cp3,laboratory,1,1,0,0,complete,proximate,3,pair02_p06,pair02_p05,icon_only
pair02,p05,11,9,ed1,stairs,0,1,0,0,element,displaced,1,pair02_p05,pair02_p06,icon_only
pair02,p06,12,1,cd1,house,0,0,0,0,complete,displaced,1,pair02_p06,pair02_p05,neither
pair02,p05,13,13,ep1,window,1,1,1,0,element,proximate,1,pair02_p05,pair02_p06,both
pair02,p06,14,11,ed3,tree,1,1,1,0,element,displaced,3,pair02_p06,pair02_p05,both
pair02,p05,15,6,cp2,basement,1,1,0,0,complete,proximate,2,pair02_p05,pair02_p06,icon_only
pair02,p06,16,2,cd2,attic,1,1,1,0,complete,displaced,2,pair02_p06,pair02_p05,both
pair03,p07,1,16,ep4,painting,1,1,0,0,element,proximate,4,pair03_p07,pair03_p08,icon_only
pair03,p08,2,11,ed3,tree,0,1,0,0,element,displaced,3,pair03_p08,pair03_p07,icon_only
pair03,p07,3,6,cp2,basement,0,1,0,0,complete,proximate,2,pair03_p07,pair03_p08,icon_only
pair03,p08,4,1,cd1,house,1,1,0,0,complete,displaced,1,pair03_p08,pair03_p07,icon_only
pair03,p07,5,13,ep1,window,1,1,1,0,element,proximate,1,pair03_p07,pair03_p08,both
pair03,p08,6,8,cp4,city,0,0,0,0,complete,proximate,4,pair03_p08,pair03_p07,neither
pair03,p07,7,10,ed2,sofa,0,1,0,0,element,displaced,2,pair03_p07,pair03_p08,icon_only
pair03,p08,8,3,cd3,mountains,0,1,1,0,complete,displaced,3,pair03_p08,pair03_p07,both
pair03,p07,9,15,ep3,coathanger,0,1,0,0,element,proximate,3,pair03_p07,pair03_p08,icon_only
pair03,p08,10,9,ed1,stairs,1,1,0,0,element,displaced,1,pair03_p08,pair03_p07,icon_only
pair03,p07,11,7,cp3,laboratory,0,0,0,0,complete,proximate,3,pair03_p07,pair03_p08,neither
pair03,p08,12,4,cd4,countryside,0,1,0,0,complete,displaced,4,pair03_p08,pair03_p07,icon_only
pair03,p07,13,14,ep2,chair,1,1,0,0,element,proximate,2,pair03_p07,pair03_p08,icon_only
pair03,p08,14,5,cp1,room,0,1,0,0,complete,proximate,1,pair03_p08,pair03_p07,icon_only
pair03,p07,15,12,ed4,carpet,0,1,0,0,element,displaced,4,pair03_p07,pair03_p08,icon_only
pair03,p08,16,2,cd2,attic,0,1,0,0,complete,displaced,2,pair03_p08,pair03_p07,icon_only
pair04,p09,1,9,ed1,stairs,1,1,0,0,element,displaced,1,pair04_p09,pair04_p10,icon_only
pair04,p10,2,14,ep2,chair,1,0,1,1,element,proximate,2,pair04_p10,pair04_p09,index_only
pair04,p09,3,7,cp3,laboratory,0,1,1,0,complete,proximate,3,pair04_p09,pair04_p10,both
pair04,p10,4,4,cd4,countryside,0,1,0,0,complete,displaced,4,pair04_p10,pair04_p09,icon_only
pair04,p09,5,12,ed4,carpet,0,1,0,0,element,displaced,4,pair04_p09,pair04_p10,icon_only
pair04,p10,6,5,cp1,room,1,1,0,0,complete,proximate,1,pair04_p10,pair04_p09,icon_only
pair04,p09,7,15,ep3,coathanger,1,0,1,1,element,proximate,3,pair04_p09,pair04_p10,index_only
pair04,p10,8,2,cd2,attic,0,1,0,0,complete,displaced,2,pair04_p10,pair04_p09,icon_only
pair04,p09,9,10,ed2,sofa,1,1,0,0,element,displaced,2,pair04_p09,pair04_p10,icon_only
pair04,p10,10,13,ep1,window,1,1,1,0,element,proximate,1,pair04_p10,pair04_p09,both
pair04,p09,11,8,cp4,city,0,0,0,0,complete,proximate,4,pair04_p09,pair04_p10,neither
pair04,p10,12,3,cd3,mountains,1,1,1,0,complete,displaced,3,pair04_p10,pair04_p09,both
pair04,p09,13,11,ed3,tree,1,1,0,0,element,displaced,3,pair04_p09,pair04_p10,icon_only
pair04,p10,14,16,ep4,painting,1,1,1,1,element,proximate,4,pair04_p10,pair04_p09,both
pair04,p09,15,6,cp2,basement,1,1,0,0,complete,proximate,2,pair04_p09,pair04_p10,icon_only
pair04,p10,16,1,cd1,house,0,1,0,0,complete,displaced,1,pair04_p10,pair04_p09,icon_only
pair05,p11,1,10,ed2,sofa,1,1,1,1,element,displaced,2,pair05_p11,pair05_p12,both
pair05,p12,2,8,cp4,city,0,1,1,0,complete,proximate,4,pair05_p12,pair05_p11,both
pair05,p11,3,13,ep1,window,1,1,1,0,element,proximate,1,pair05_p11,pair05_p12,both
pair05,p12,4,1,cd1,house,0,1,0,0,complete,displaced,1,pair05_p12,pair05_p11,icon_only
pair05,p11,5,11,ed3,tree,0,1,0,0,element,displaced,3,pair05_p11,pair05_p12,icon_only
pair05,p12,6,16,ep4,painting,1,1,0,0,element,proximate,4,pair05_p12,pair05_p11,icon_only
pair05,p11,7,6,cp2,basement,1,1,1,0,complete,proximate,2,pair05_p11,pair05_p12,both
pair05,p12,8,3,cd3,mountains,1,1,0,0,complete,displaced,3,pair05_p12,pair05_p11,icon_only
pair05,p11,9,9,ed1,stairs,1,1,1,0,element,displaced,1,pair05_p11,pair05_p12,both
pair05,p12,10,7,cp3,laboratory,1,1,0,0,complete,proximate,3,pair05_p12,pair05_p11,icon_only
pair05,p11,11,14,ep2,chair,1,0,1,1,element,proximate,2,pair05_p11,pair05_p12,index_only
pair05,p12,12,4,cd4,countryside,0,1,0,0,complete,displaced,4,pair05_p12,pair05_p11,icon_only
pair05,p11,13,12,ed4,carpet,1,1,0,0,element,displaced,4,pair05_p11,pair05_p12,icon_only
pair05,p12,14,15,ep3,coathanger,1,0,1,1,element,proximate,3,pair05_p12,pair05_p11,index_only
pair05,p11,15,5,cp1,room,0,1,0,0,complete,proximate,1,pair05_p11,pair05_p12,icon_only
pair05,p12,16,2,cd2,attic,1,1,1,0,complete,displaced,2,pair05_p12,pair05_p11,both
pair06,p13,1,11,ed3,tree,0,1,0,0,element,displaced,3,pair06_p13,pair06_p14,icon_only
pair06,p14,2,16,ep4,painting,1,1,0,0,element,proximate,4,pair06_p14,pair06_p13,icon_only
pair06,p13,3,5,cp1,room,0,0,0,0,complete,proximate,1,pair06_p13,pair06_p14,neither
pair06,p14,4,2,cd2,attic,0,1,0,0,complete,displaced,2,pair06_p14,pair06_p13,icon_only
pair06,p13,5,9,ed1,stairs,1,1,0,0,element,displaced,1,pair06_p13,pair06_p14,icon_only
pair06,p14,6,7,cp3,laboratory,0,1,0,0,complete,proximate,3,pair06_p14,pair06_p13,icon_only
pair06,p13,7,14,ep2,chair,1,0,1,1,element,proximate,2,pair06_p13,pair06_p14,index_only
pair06,p14,8,4,cd4,countryside,1,1,1,0,complete,displaced,4,pair06_p14,pair06_p13,both
pair06,p13,9,12,ed4,carpet,0,1,0,0,element,displaced,4,pair06_p13,pair06_p14,icon_only
pair06,p14,10,15,ep3,coathanger,1,0,1,1,element,proximate,3,pair06_p14,pair06_p13,index_only
pair06,p13,11,8,cp4,city,1,1,1,0,complete,proximate,4,pair06_p13,pair06_p14,both
pair06,p14,12,1,cd1,house,0,1,0,0,complete,displaced,1,pair06_p14,pair06_p13,icon_only
pair06,p13,13,10,ed2,sofa,1,1,1,1,element,displaced,2,pair06_p13,pair06_p14,both
pair06,p14,14,13,ep1,window,0,1,0,0,element,proximate,1,pair06_p14,pair06_p13,icon_only
pair06,p13,15,6,cp2,basement,1,1,0,0,complete,proximate,2,pair06_p13,pair06_p14,icon_only
pair06,p14,16,3,cd3,mountains,1,1,0,0,complete,displaced,3,pair06_p14,pair06_p13,icon_only
pair07,p15,1,12,ed4,carpet,0,1,1,0,element,displaced,4,pair07_p15,pair07_p16,both
pair07,p16,2,6,cp2,basement,0,1,0,0,complete,proximate,2,pair07_p16,pair07_p15,icon_only
pair07,p15,3,15,ep3,coathanger,1,0,1,1,element,proximate,3,pair07_p15,pair07_p16,index_only
pair07,p16,4,3,cd3,mountains,1,1,0,0,complete,displaced,3,pair07_p16,pair07_p15,icon_only
pair07,p15,5,10,ed2,sofa,0,1,0,0,element,displaced,2,pair07_p15,pair07_p16,icon_only
pair07,p16,6,5,cp1,room,0,1,0,0,complete,proximate,1,pair07_p16,pair07_p15,icon_only
pair07,p15,7,16,ep4,painting,1,1,0,0,element,proximate,4,pair07_p15,pair07_p16,icon_only
pair07,p16,8,2,cd2,attic,0,1,0,0,complete,displaced,2,pair07_p16,pair07_p15,icon_only
pair07,p15,9,11,ed3,tree,0,1,0,0,element,displaced,3,pair07_p15,pair07_p16,icon_only
pair07,p16,10,14,ep2,chair,0,0,1,1,element,proximate,2,pair07_p16,pair07_p15,index_only
pair07,p15,11,7,cp3,laboratory,0,1,0,0,complete,proximate,3,pair07_p15,pair07_p16,icon_only
pair07,p16,12,4,cd4,countryside,1,1,0,0,complete,displaced,4,pair07_p16,pair07_p15,icon_only
pair07,p15,13,9,ed1,stairs,1,1,0,0,element,displaced,1,pair07_p15,pair07_p16,icon_only
pair07,p16,14,13,ep1,window,1,0,1,1,element,proximate,1,pair07_p16,pair07_p15,index_only
pair07,p15,15,8,cp4,city,0,1,1,0,complete,proximate,4,pair07_p15,pair07_p16,both
pair07,p16,16,1,cd1,house,0,1,0,0,complete,displaced,1,pair07_p16,pair07_p15,icon_only
pair08,p17,1,5,cp1,room,1,1,1,0,complete,proximate,1,pair08_p17,pair08_p18,both
pair08,p18,2,10,ed2,sofa,0,1,1,1,element,displaced,2,pair08_p18,pair08_p17,both
pair08,p17,3,16,ep4,painting,1,0,1,1,element,proximate,4,pair08_p17,pair08_p18,index_only
pair08,p18,4,4,cd4,countryside,0,1,0,0,complete,displaced,4,pair08_p18,pair08_p17,icon_only
pair08,p17,5,8,cp4,city,0,0,0,0,complete,proximate,4,pair08_p17,pair08_p18,neither
pair08,p18,6,9,ed1,stairs,1,1,1,0,element,displaced,1,pair08_p18,pair08_p17,both
pair08,p17,7,14,ep2,chair,1,0,1,1,element,proximate,2,pair08_p17,pair08_p18,index_only
pair08,p18,8,3,cd3,mountains,1,1,1,0,complete,displaced,3,pair08_p18,pair08_p17,both
pair08,p17,9,6,cp2,basement,1,1,1,0,complete,proximate,2,pair08_p17,pair08_p18,both
pair08,p18,10,12,ed4,carpet,1,1,0,0,element,displaced,4,pair08_p18,pair08_p17,icon_only
pair08,p17,11,13,ep1,window,1,1,1,0,element,proximate,1,pair08_p17,pair08_p18,both
pair08,p18,12,2,cd2,attic,0,1,1,0,complete,displaced,2,pair08_p18,pair08_p17,both
pair08,p17,13,7,cp3,laboratory,1,1,0,0,complete,proximate,3,pair08_p17,pair08_p18,icon_only
pair08,p18,14,11,ed3,tree,1,1,0,0,element,displaced,3,pair08_p18,pair08_p17,icon_only
pair08,p17,15,15,ep3,coathanger,1,0,1,1,element,proximate,3,pair08_p17,pair08_p18,index_only
pair08,p18,16,1,cd1,house,0,1,0,0,complete,displaced,1,pair08_p18,pair08_p17,icon_only
pair09,p19,1,6,cp2,basement,1,1,0,0,complete,proximate,2,pair09_p19,pair09_p20,icon_only
pair09,p20,2,13,ep1,window,1,1,1,0,element,proximate,1,pair09_p20,pair09_p19,both
pair09,p19,3,11,ed3,tree,0,1,0,0,element,displaced,3,pair09_p19,pair09_p20,icon_only
pair09,p20,4,1,cd1,house,1,1,0,0,complete,displaced,1,pair09_p20,pair09_p19,icon_only
pair09,p19,5,7,cp3,laboratory,1,1,0,0,complete,proximate,3,pair09_p19,pair09_p20,icon_only
pair09,p20,6,12,ed4,carpet,1,1,1,0,element,displaced,4,pair09_p20,pair09_p19,both
pair09,p19,7,15,ep3,coathanger,1,0,1,1,element,proximate,3,pair09_p19,pair09_p20,index_only
pair09,p20,8,2,cd2,attic,1,1,1,0,complete,displaced,2,pair09_p20,pair09_p19,both
pair09,p19,9,5,cp1,room,0,1,0,0,complete,proximate,1,pair09_p19,pair09_p20,icon_only
pair09,p20,10,10,ed2,sofa,0,1,0,0,element,displaced,2,pair09_p20,pair09_p19,icon_only
pair09,p19,11,16,ep4,painting,1,0,1,0,element,proximate,4,pair09_p19,pair09_p20,index_only
pair09,p20,12,3,cd3,mountains,1,1,1,0,complete,displaced,3,pair09_p20,pair09_p19,both
pair09,p19,13,8,cp4,city,0,0,0,0,complete,proximate,4,pair09_p19,pair09_p20,neither
pair09,p20,14,14,ep2,chair,1,0,1,1,element,proximate,2,pair09_p20,pair09_p19,index_only
pair09,p19,15,9,ed1,stairs,1,1,0,0,element,displaced,1,pair09_p19,pair09_p20,icon_only
pair09,p20,16,4,cd4,countryside,1,1,1,0,complete,displaced,4,pair09_p20,pair09_p19,both
pair10,p21,1,7,cp3,laboratory,0,1,1,0,complete,proximate,3,pair10_p21,pair10_p22,both
pair10,p22,2,12,ed4,carpet,0,1,0,0,element,displaced,4,pair10_p22,pair10_p21,icon_only
pair10,p21,3,14,ep2,chair,0,1,0,0,element,proximate,2,pair10_p21,pair10_p22,icon_only
pair10,p22,4,3,cd3,mountains,0,1,1,0,complete,displaced,3,pair10_p22,pair10_p21,both
pair10,p21,5,5,cp1,room,0,1,1,0,complete,proximate,1,pair10_p21,pair10_p22,both
pair10,p22,6,11,ed3,tree,0,1,0,0,element,displaced,3,pair10_p22,pair10_p21,icon_only
pair10,p21,7,13,ep1,window,0,1,1,0,element,proximate,1,pair10_p21,pair10_p22,both
pair10,p22,8,4,cd4,countryside,1,1,0,0,complete,displaced,4,pair10_p22,pair10_p21,icon_only
pair10,p21,9,8,cp4,city,1,1,0,0,complete,proximate,4,pair10_p21,pair10_p22,icon_only
pair10,p22,10,9,ed1,stairs,1,1,1,0,element,displaced,1,pair10_p22,pair10_p21,both
pair10,p21,11,15,ep3,coathanger,1,1,1,0,element,proximate,3,pair10_p21,pair10_p22,both
pair10,p22,12,2,cd2,attic,0,1,1,0,complete,displaced,2,pair10_p22,pair10_p21,both
pair10,p21,13,6,cp2,basement,0,1,0,0,complete,proximate,2,pair10_p21,pair10_p22,icon_only
pair10,p22,14,16,ep4,painting,1,0,1,1,element,proximate,4,pair10_p22,pair10_p21,index_only
pair10,p21,15,10,ed2,sofa,1,1,0,0,element,displaced,2,pair10_p21,pair10_p22,icon_only
pair10,p22,16,1,cd1,house,0,0,0,0,complete,displaced,1,pair10_p22,pair10_p21,neither
pair11,p23,1,8,cp4,city,0,0,0,0,complete,proximate,4,pair11_p23,pair11_p24,neither
pair11,p24,2,15,ep3,coathanger,1,0,1,1,element,proximate,3,pair11_p24,pair11_p23,index_only
pair11,p23,3,9,ed1,stairs,1,1,0,0,element,displaced,1,pair11_p23,pair11_p24,icon_only
pair11,p24,4,2,cd2,attic,0,1,1,0,complete,displaced,2,pair11_p24,pair11_p23,both
pair11,p23,5,6,cp2,basement,1,1,0,0,complete,proximate,2,pair11_p23,pair11_p24,icon_only
pair11,p24,6,10,ed2,sofa,0,1,1,1,element,displaced,2,pair11_p24,pair11_p23,both
pair11,p23,7,16,ep4,painting,1,1,1,1,element,proximate,4,pair11_p23,pair11_p24,both
pair11,p24,8,1,cd1,house,0,1,1,0,complete,displaced,1,pair11_p24,pair11_p23,both
pair11,p23,9,7,cp3,laboratory,0,1,0,0,complete,proximate,3,pair11_p23,pair11_p24,icon_only
pair11,p24,10,11,ed3,tree,1,0,1,0,element,displaced,3,pair11_p24,pair11_p23,index_only
pair11,p23,11,13,ep1,window,1,1,1,1,element,proximate,1,pair11_p23,pair11_p24,both
pair11,p24,12,4,cd4,countryside,1,0,1,0,complete,displaced,4,pair11_p24,pair11_p23,index_only
pair11,p23,13,5,cp1,room,0,0,0,0,complete,proximate,1,pair11_p23,pair11_p24,neither
pair11,p24,14,14,ep2,chair,1,0,1,1,element,proximate,2,pair11_p24,pair11_p23,index_only
pair11,p23,15,12,ed4,carpet,0,1,0,0,element,displaced,4,pair11_p23,pair11_p24,icon_only
pair11,p24,16,3,cd3,mountains,1,1,0,0,complete,displaced,3,pair11_p24,pair11_p23,icon_only
pair12,p25,1,1,cd1,house,0,1,1,0,complete,displaced,1,pair12_p25,pair12_p26,both
pair12,p26,2,7,cp3,laboratory,0,1,0,0,complete,proximate,3,pair12_p26,pair12_p25,icon_only
pair12,p25,3,14,ep2,chair,1,0,1,1,element,proximate,2,pair12_p25,pair12_p26,index_only
pair12,p26,4,12,ed4,carpet,0,1,0,0,element,displaced,4,pair12_p26,pair12_p25,icon_only
pair12,p25,5,4,cd4,countryside,0,1,0,0,complete,displaced,4,pair12_p25,pair12_p26,icon_only
pair12,p26,6,5,cp1,room,0,0,0,0,complete,proximate,1,pair12_p26,pair12_p25,neither
pair12,p25,7,15,ep3,coathanger,1,0,1,1,element,proximate,3,pair12_p25,pair12_p26,index_only
pair12,p26,8,9,ed1,stairs,1,1,0,0,element,displaced,1,pair12_p26,pair12_p25,icon_only
pair12,p25,9,2,cd2,attic,0,1,0,0,complete,displaced,2,pair12_p25,pair12_p26,icon_only
pair12,p26,10,8,cp4,city,0,0,0,0,complete,proximate,4,pair12_p26,pair12_p25,neither
pair12,p25,11,13,ep1,window,1,1,1,0,element,proximate,1,pair12_p25,pair12_p26,both
pair12,p26,12,11,ed3,tree,0,1,0,0,element,displaced,3,pair12_p26,pair12_p25,icon_only
pair12,p25,13,3,cd3,mountains,0,1,0,0,complete,displaced,3,pair12_p25,pair12_p26,icon_only
pair12,p26,14,6,cp2,basement,1,1,0,0,complete,proximate,2,pair12_p26,pair12_p25,icon_only
pair12,p25,15,16,ep4,painting,1,0,1,1,element,proximate,4,pair12_p25,pair12_p26,index_only
pair12,p26,16,10,ed2,sofa,0,0,1,1,element,displaced,2,pair12_p26,pair12_p25,index_only
pair13,p27,1,2,cd2,attic,0,1,1,0,complete,displaced,2,pair13_p27,pair13_p28,both
pair13,p28,2,16,ep4,painting,0,1,0,0,element,proximate,4,pair13_p28,pair13_p27,icon_only
pair13,p27,3,8,cp4,city,0,1,1,0,complete,proximate,4,pair13_p27,pair13_p28,both
pair13,p28,4,11,ed3,tree,0,1,0,0,element,displaced,3,pair13_p28,pair13_p27,icon_only
pair13,p27,5,1,cd1,house,0,1,0,0,complete,displaced,1,pair13_p27,pair13_p28,icon_only
pair13,p28,6,6,cp2,basement,0,1,1,0,complete,proximate,2,pair13_p28,pair13_p27,both
pair13,p27,7,13,ep1,window,1,1,1,0,element,proximate,1,pair13_p27,pair13_p28,both
pair13,p28,8,12,ed4,carpet,1,1,0,0,element,displaced,4,pair13_p28,pair13_p27,icon_only
pair13,p27,9,3,cd3,mountains,1,1,1,0,complete,displaced,3,pair13_p27,pair13_p28,both
pair13,p28,10,7,cp3,laboratory,0,1,0,0,complete,proximate,3,pair13_p28,pair13_p27,icon_only
pair13,p27,11,14,ep2,chair,1,1,0,0,element,proximate,2,pair13_p27,pair13_p28,icon_only
pair13,p28,12,9,ed1,stairs,0,1,0,0,element,displaced,1,pair13_p28,pair13_p27,icon_only
pair13,p27,13,4,cd4,countryside,0,1,0,0,complete,displaced,4,pair13_p27,pair13_p28,icon_only
pair13,p28,14,5,cp1,room,0,1,0,0,complete,proximate,1,pair13_p28,pair13_p27,icon_only
pair13,p27,15,15,ep3,coathanger,0,1,0,0,element,proximate,3,pair13_p27,pair13_p28,icon_only
pair13,p28,16,10,ed2,sofa,1,1,0,0,element,displaced,2,pair13_p28,pair13_p27,icon_only
pair14,p29,1,3,cd3,mountains,1,1,0,0,complete,displaced,3,pair14_p29,pair14_p30,icon_only
pair14,p30,2,13,ep1,window,1,1,0,0,element,proximate,1,pair14_p30,pair14_p29,icon_only
pair14,p29,3,10,ed2,sofa,1,1,0,0,element,displaced,2,pair14_p29,pair14_p30,icon_only
pair14,p30,4,5,cp1,room,0,0,0,0,complete,proximate,1,pair14_p30,pair14_p29,neither
pair14,p29,5,2,cd2,attic,0,0,0,0,complete,displaced,2,pair14_p29,pair14_p30,neither
pair14,p30,6,15,ep3,coathanger,1,0,1,1,element,proximate,3,pair14_p30,pair14_p29,index_only
pair14,p29,7,8,cp4,city,1,0,0,0,complete,proximate,4,pair14_p29,pair14_p30,neither
pair14,p30,8,12,ed4,carpet,0,1,0,0,element,displaced,4,pair14_p30,pair14_p29,icon_only
pair14,p29,9,1,cd1,house,0,0,0,0,complete,displaced,1,pair14_p29,pair14_p30,neither
pair14,p30,10,14,ep2,chair,0,0,1,1,element,proximate,2,pair14_p30,pair14_p29,index_only
pair14,p29,11,11,ed3,tree,1,1,0,0,element,displaced,3,pair14_p29,pair14_p30,icon_only
pair14,p30,12,6,cp2,basement,0,1,1,0,complete,proximate,2,pair14_p30,pair14_p29,both
pair14,p29,13,4,cd4,countryside,0,1,0,0,complete,displaced,4,pair14_p29,pair14_p30,icon_only
pair14,p30,14,16,ep4,painting,1,0,1,1,element,proximate,4,pair14_p30,pair14_p29,index_only
pair14,p29,15,9,ed1,stairs,1,1,0,0,element,displaced,1,pair14_p29,pair14_p30,icon_only
pair14,p30,16,7,cp3,laboratory,0,1,0,0,complete,proximate,3,pair14_p30,pair14_p29,icon_only
pair15,p31,1,4,cd4,countryside,0,1,0,0,complete,displaced,4,pair15_p31,pair15_p32,icon_only
pair15,p32,2,6,cp2,basement,1,1,1,0,complete,proximate,2,pair15_p32,pair15_p31,both
pair15,p31,3,15,ep3,coathanger,1,0,1,1,element,proximate,3,pair15_p31,pair15_p32,index_only
pair15,p32,4,9,ed1,stairs,1,1,0,0,element,displaced,1,pair15_p32,pair15_p31,icon_only
pair15,p31,5,3,cd3,mountains,0,1,0,0,complete,displaced,3,pair15_p31,pair15_p32,icon_only
pair15,p32,6,13,ep1,window,0,1,0,0,element,proximate,1,pair15_p32,pair15_p31,icon_only
pair15,p31,7,7,cp3,laboratory,0,1,1,0,complete,proximate,3,pair15_p31,pair15_p32,both
pair15,p32,8,10,ed2,sofa,0,1,0,0,element,displaced,2,pair15_p32,pair15_p31,icon_only
pair15,p31,9,2,cd2,attic,0,1,0,0,complete,displaced,2,pair15_p31,pair15_p32,icon_only
pair15,p32,10,16,ep4,painting,1,0,1,1,element,proximate,4,pair15_p32,pair15_p31,index_only
pair15,p31,11,12,ed4,carpet,1,1,1,0,element,displaced,4,pair15_p31,pair15_p32,both
pair15,p32,12,5,cp1,room,0,1,0,0,complete,proximate,1,pair15_p32,pair15_p31,icon_only
pair15,p31,13,1,cd1,house,0,1,1,0,complete,displaced,1,pair15_p31,pair15_p32,both
pair15,p32,14,8,cp4,city,0,1,0,0,complete,proximate,4,pair15_p32,pair15_p31,icon_only
pair15,p31,15,14,ep2,chair,1,0,1,1,element,proximate,2,pair15_p31,pair15_p32,index_only
pair15,p32,16,11,ed3,tree,0,1,0,0,element,displaced,3,pair15_p32,pair15_p31,icon_only
pair16,p33,1,13,ep1,window,1,0,1,1,element,proximate,1,pair16_p33,pair16_p34,index_only
pair16,p34,2,4,cd4,countryside,1,1,1,0,complete,displaced,4,pair16_p34,pair16_p33,both
pair16,p33,3,11,ed3,tree,0,0,1,1,element,displaced,3,pair16_p33,pair16_p34,index_only
pair16,p34,4,6,cp2,basement,0,1,1,0,complete,proximate,2,pair16_p34,pair16_p33,both
pair16,p33,5,14,ep2,chair,1,0,1,1,element,proximate,2,pair16_p33,pair16_p34,index_only
pair16,p34,6,12,ed4,carpet,0,1,0,0,element,displaced,4,pair16_p34,pair16_p33,icon_only
pair16,p33,7,5,cp1,room,0,0,1,1,complete,proximate,1,pair16_p33,pair16_p34,index_only
pair16,p34,8,3,cd3,mountains,0,1,1,0,complete,displaced,3,pair16_p34,pair16_p33,both
pair16,p33,9,16,ep4,painting,1,0,1,1,element,proximate,4,pair16_p33,pair16_p34,index_only
pair16,p34,10,9,ed1,stairs,0,1,0,0,element,displaced,1,pair16_p34,pair16_p33,icon_only
pair16,p33,11,8,cp4,city,0,1,1,0,complete,proximate,4,pair16_p33,pair16_p34,both
pair16,p34,12,2,cd2,attic,0,1,1,0,complete,displaced,2,pair16_p34,pair16_p33,both
pair16,p33,13,15,ep3,coathanger,1,0,1,1,element,proximate,3,pair16_p33,pair16_p34,index_only
pair16,p34,14,7,cp3,laboratory,0,1,0,0,complete,proximate,3,pair16_p34,pair16_p33,icon_only
pair16,p33,15,10,ed2,sofa,1,0,1,1,element,displaced,2,pair16_p33,pair16_p34,index_only
pair16,p34,16,1,cd1,house,0,0,0,0,complete,displaced,1,pair16_p34,pair16_p33,neither
pair17,p35,1,14,ep2,chair,1,0,1,1,element,proximate,2,pair17_p35,pair17_p36,index_only
pair17,p36,2,7,cp3,laboratory,0,0,0,0,complete,proximate,3,pair17_p36,pair17_p35,neither
pair17,p35,3,9,ed1,stairs,0,1,0,0,element,displaced,1,pair17_p35,pair17_p36,icon_only
pair17,p36,4,4,cd4,countryside,0,1,0,0,complete,displaced,4,pair17_p36,pair17_p35,icon_only
pair17,p35,5,15,ep3,coathanger,1,0,1,1,element,proximate,3,pair17_p35,pair17_p36,index_only
pair17,p36,6,8,cp4,city,0,0,0,0,complete,proximate,4,pair17_p36,pair17_p35,neither
pair17,p35,7,12,ed4,carpet,0,1,0,0,element,displaced,4,pair17_p35,pair17_p36,icon_only
pair17,p36,8,1,cd1,house,0,1,0,0,complete,displaced,1,pair17_p36,pair17_p35,icon_only
pair17,p35,9,13,ep1,window,1,1,1,0,element,proximate,1,pair17_p35,pair17_p36,both
pair17,p36,10,10,ed2,sofa,0,0,1,1,element,displaced,2,pair17_p36,pair17_p35,index_only
pair17,p35,11,6,cp2,basement,0,1,1,0,complete,proximate,2,pair17_p35,pair17_p36,both
pair17,p36,12,3,cd3,mountains,1,1,1,0,complete,displaced,3,pair17_p36,pair17_p35,both
pair17,p35,13,16,ep4,painting,1,0,1,1,element,proximate,4,pair17_p35,pair17_p36,index_only
pair17,p36,14,11,ed3,tree,0,1,0,0,element,displaced,3,pair17_p36,pair17_p35,icon_only
pair17,p35,15,5,cp1,room,0,1,0,0,complete,proximate,1,pair17_p35,pair17_p36,icon_only
pair17,p36,16,2,cd2,attic,1,1,1,0,complete,displaced,2,pair17_p36,pair17_p35,both
pair18,p37,1,15,ep3,coathanger,1,0,1,1,element,proximate,3,pair18_p37,pair18_p38,index_only
pair18,p38,2,12,ed4,carpet,1,1,0,0,element,displaced,4,pair18_p38,pair18_p37,icon_only
pair18,p37,3,6,cp2,basement,0,1,0,0,complete,proximate,2,pair18_p37,pair18_p38,icon_only
pair18,p38,4,1,cd1,house,0,1,0,0,complete,displaced,1,pair18_p38,pair18_p37,icon_only
pair18,p37,5,16,ep4,painting,1,0,1,1,element,proximate,4,pair18_p37,pair18_p38,index_only
pair18,p38,6,5,cp1,room,0,1,0,0,complete,proximate,1,pair18_p38,pair18_p37,icon_only
pair18,p37,7,10,ed2,sofa,0,1,0,0,element,displaced,2,pair18_p37,pair18_p38,icon_only
pair18,p38,8,3,cd3,mountains,0,1,1,0,complete,displaced,3,pair18_p38,pair18_p37,both
pair18,p37,9,14,ep2,chair,0,0,1,1,element,proximate,2,pair18_p37,pair18_p38,index_only
pair18,p38,10,11,ed3,tree,0,1,0,0,element,displaced,3,pair18_p38,pair18_p37,icon_only
pair18,p37,11,8,cp4,city,1,1,1,0,complete,proximate,4,pair18_p37,pair18_p38,both
pair18,p38,12,4,cd4,countryside,0,1,0,0,complete,displaced,4,pair18_p38,pair18_p37,icon_only
pair18,p37,13,13,ep1,window,1,1,0,0,element,proximate,1,pair18_p37,pair18_p38,icon_only
pair18,p38,14,7,cp3,laboratory,1,1,0,0,complete,proximate,3,pair18_p38,pair18_p37,icon_only
pair18,p37,15,9,ed1,stairs,1,1,0,0,element,displaced,1,pair18_p37,pair18_p38,icon_only
pair18,p38,16,2,cd2,attic,0,1,1,0,complete,displaced,2,pair18_p38,pair18_p37,both
pair19,p39,1,16,ep4,painting,1,1,1,0,element,proximate,4,pair19_p39,pair19_p40,both
pair19,p40,2,5,cp1,room,0,1,0,0,complete,proximate,1,pair19_p40,pair19_p39,icon_only
pair19,p39,3,10,ed2,sofa,0,0,1,1,element,displaced,2,pair19_p39,pair19_p40,index_only
pair19,p40,4,3,cd3,mountains,1,1,1,0,complete,displaced,3,pair19_p40,pair19_p39,both
pair19,p39,5,13,ep1,window,1,0,1,1,element,proximate,1,pair19_p39,pair19_p40,index_only
pair19,p40,6,4,cd4,countryside,0,0,0,0,complete,displaced,4,pair19_p40,pair19_p39,neither
pair19,p39,7,11,ed3,tree,0,1,0,0,element,displaced,3,pair19_p39,pair19_p40,icon_only
pair19,p40,8,7,cp3,laboratory,0,1,0,0,complete,proximate,3,pair19_p40,pair19_p39,icon_only
pair19,p39,9,15,ep3,coathanger,1,0,1,1,element,proximate,3,pair19_p39,pair19_p40,index_only
pair19,p40,10,9,ed1,stairs,0,1,1,0,element,displaced,1,pair19_p40,pair19_p39,both
pair19,p39,11,6,cp2,basement,0,1,0,0,complete,proximate,2,pair19_p39,pair19_p40,icon_only
pair19,p40,12,2,cd2,attic,0,1,1,0,complete,displaced,2,pair19_p40,pair19_p39,both
pair19,p39,13,14,ep2,chair,0,0,1,1,element,proximate,2,pair19_p39,pair19_p40,index_only
pair19,p40,14,12,ed4,carpet,0,1,0,0,element,displaced,4,pair19_p40,pair19_p39,icon_only
pair19,p39,15,8,cp4,city,0,1,0,0,complete,proximate,4,pair19_p39,pair19_p40,icon_only
pair19,p40,16,1,cd1,house,0,1,0,0,complete,displaced,1,pair19_p40,pair19_p39,icon_only
pair20,p41,1,9,ed1,stairs,0,1,0,0,element,displaced,1,pair20_p41,pair20_p42,icon_only
pair20,p42,2,15,ep3,coathanger,1,0,1,1,element,proximate,3,pair20_p42,pair20_p41,index_only
pair20,p41,3,8,cp4,city,1,1,0,0,complete,proximate,4,pair20_p41,pair20_p42,icon_only
pair20,p42,4,2,cd2,attic,1,1,1,0,complete,displaced,2,pair20_p42,pair20_p41,both
pair20,p41,5,10,ed2,sofa,0,0,1,1,element,displaced,2,pair20_p41,pair20_p42,index_only
pair20,p42,6,13,ep1,window,1,1,1,0,element,proximate,1,pair20_p42,pair20_p41,both
pair20,p41,7,7,cp3,laboratory,0,0,0,0,complete,proximate,3,pair20_p41,pair20_p42,neither
pair20,p42,8,4,cd4,countryside,0,1,0,0,complete,displaced,4,pair20_p42,pair20_p41,icon_only
pair20,p41,9,12,ed4,carpet,0,1,0,0,element,displaced,4,pair20_p41,pair20_p42,icon_only
pair20,p42,10,16,ep4,painting,1,0,1,1,element,proximate,4,pair20_p42,pair20_p41,index_only
pair20,p41,11,5,cp1,room,0,1,1,0,complete,proximate,1,pair20_p41,pair20_p42,both
pair20,p42,12,3,cd3,mountains,1,0,0,0,complete,displaced,3,pair20_p42,pair20_p41,neither
pair20,p41,13,11,ed3,tree,0,0,1,1,element,displaced,3,pair20_p41,pair20_p42,index_only
pair20,p42,14,14,ep2,chair,1,0,1,1,element,proximate,2,pair20_p42,pair20_p41,index_only
pair20,p41,15,6,cp2,basement,0,1,0,0,complete,proximate,2,pair20_p41,pair20_p42,icon_only
pair20,p42,16,1,cd1,house,0,1,1,0,complete,displaced,1,pair20_p42,pair20_p41,both
pair21,p43,1,10,ed2,sofa,1,1,1,1,element,displaced,2,pair21_p43,pair21_p44,both
pair21,p44,2,5,cp1,room,0,0,0,0,complete,proximate,1,pair21_p44,pair21_p43,neither
pair21,p43,3,16,ep4,painting,1,0,1,1,element,proximate,4,pair21_p43,pair21_p44,index_only
pair21,p44,4,3,cd3,mountains,1,1,1,1,complete,displaced,3,pair21_p44,pair21_p43,both
pair21,p43,5,11,ed3,tree,1,1,1,1,element,displaced,3,pair21_p43,pair21_p44,both
pair21,p44,6,6,cp2,basement,1,1,0,0,complete,proximate,2,pair21_p44,pair21_p43,icon_only
pair21,p43,7,13,ep1,window,1,1,1,0,element,proximate,1,pair21_p43,pair21_p44,both
pair21,p44,8,1,cd1,house,0,1,0,0,complete,displaced,1,pair21_p44,pair21_p43,icon_only
pair21,p43,9,9,ed1,stairs,1,1,0,0,element,displaced,1,pair21_p43,pair21_p44,icon_only
pair21,p44,10,15,ep3,coathanger,1,0,1,1,element,proximate,3,pair21_p44,pair21_p43,index_only
pair21,p43,11,8,cp4,city,0,0,0,0,complete,proximate,4,pair21_p43,pair21_p44,neither
pair21,p44,12,4,cd4,countryside,0,1,0,0,complete,displaced,4,pair21_p44,pair21_p43,icon_only
pair21,p43,13,12,ed4,carpet,0,1,1,0,element,displaced,4,pair21_p43,pair21_p44,both
pair21,p44,14,14,ep2,chair,1,0,1,1,element,proximate,2,pair21_p44,pair21_p43,index_only
pair21,p43,15,7,cp3,laboratory,1,1,0,0,complete,proximate,3,pair21_p43,pair21_p44,icon_only
pair21,p44,16,2,cd2,attic,0,1,1,1,complete,displaced,2,pair21_p44,pair21_p43,both
pair22,p45,1,11,ed3,tree,0,0,1,1,element,displaced,3,pair22_p45,pair22_p46,index_only
pair22,p46,2,14,ep2,chair,1,1,0,0,element,proximate,2,pair22_p46,pair22_p45,icon_only
pair22,p45,3,7,cp3,laboratory,0,1,1,0,complete,proximate,3,pair22_p45,pair22_p46,both
pair22,p46,4,4,cd4,countryside,1,1,0,0,complete,displaced,4,pair22_p46,pair22_p45,icon_only
pair22,p45,5,12,ed4,carpet,1,1,0,0,element,displaced,4,pair22_p45,pair22_p46,icon_only
pair22,p46,6,8,cp4,city,0,0,0,0,complete,proximate,4,pair22_p46,pair22_p45,neither
pair22,p45,7,15,ep3,coathanger,0,0,1,1,element,proximate,3,pair22_p45,pair22_p46,index_only
pair22,p46,8,2,cd2,attic,0,1,1,0,complete,displaced,2,pair22_p46,pair22_p45,both
pair22,p45,9,9,ed1,stairs,0,1,0,0,element,displaced,1,pair22_p45,pair22_p46,icon_only
pair22,p46,10,13,ep1,window,1,1,1,0,element,proximate,1,pair22_p46,pair22_p45,both
pair22,p45,11,6,cp2,basement,0,1,1,0,complete,proximate,2,pair22_p45,pair22_p46,both
pair22,p46,12,1,cd1,house,0,1,0,0,complete,displaced,1,pair22_p46,pair22_p45,icon_only
pair22,p45,13,10,ed2,sofa,0,1,0,0,element,displaced,2,pair22_p45,pair22_p46,icon_only
pair22,p46,14,16,ep4,painting,1,1,1,1,element,proximate,4,pair22_p46,pair22_p45,both
pair22,p45,15,5,cp1,room,0,1,1,0,complete,proximate,1,pair22_p45,pair22_p46,both
pair22,p46,16,3,cd3,mountains,1,0,1,0,complete,displaced,3,pair22_p46,pair22_p45,index_only
pair23,p47,1,12,ed4,carpet,1,1,0,0,element,displaced,4,pair23_p47,pair23_p48,icon_only
pair23,p48,2,8,cp4,city,0,0,0,0,complete,proximate,4,pair23_p48,pair23_p47,neither
pair23,p47,3,13,ep1,window,1,1,1,0,element,proximate,1,pair23_p47,pair23_p48,both
pair23,p48,4,1,cd1,house,0,1,0,0,complete,displaced,1,pair23_p48,pair23_p47,icon_only
pair23,p47,5,9,ed1,stairs,0,1,0,0,element,displaced,1,pair23_p47,pair23_p48,icon_only
pair23,p48,6,7,cp3,laboratory,0,1,0,0,complete,proximate,3,pair23_p48,pair23_p47,icon_only
pair23,p47,7,14,ep2,chair,1,0,1,1,element,proximate,2,pair23_p47,pair23_p48,index_only
pair23,p48,8,3,cd3,mountains,1,1,0,0,complete,displaced,3,pair23_p48,pair23_p47,icon_only
pair23,p47,9,11,ed3,tree,0,1,0,0,element,displaced,3,pair23_p47,pair23_p48,icon_only
pair23,p48,10,16,ep4,painting,1,1,0,0,element,proximate,4,pair23_p48,pair23_p47,icon_only
pair23,p47,11,5,cp1,room,0,1,0,0,complete,proximate,1,pair23_p47,pair23_p48,icon_only
pair23,p48,12,2,cd2,attic,0,1,1,0,complete,displaced,2,pair23_p48,pair23_p47,both
pair23,p47,13,10,ed2,sofa,1,1,0,0,element,displaced,2,pair23_p47,pair23_p48,icon_only
pair23,p48,14,15,ep3,coathanger,1,0,1,1,element,proximate,3,pair23_p48,pair23_p47,index_only
pair23,p47,15,6,cp2,basement,1,1,0,0,complete,proximate,2,pair23_p47,pair23_p48,icon_only
pair23,p48,16,4,cd4,countryside,0,1,0,0,complete,displaced,4,pair23_p48,pair23_p47,icon_only
pair24,p49,1,5,cp1,room,0,1,1,0,complete,proximate,1,pair24_p49,pair24_p50,both
pair24,p50,2,11,ed3,tree,0,1,0,0,element,displaced,3,pair24_p50,pair24_p49,icon_only
pair24,p49,3,15,ep3,coathanger,1,1,0,0,element,proximate,3,pair24_p49,pair24_p50,icon_only
pair24,p50,4,2,cd2,attic,0,1,0,0,complete,displaced,2,pair24_p50,pair24_p49,icon_only
pair24,p49,5,6,cp2,basement,0,1,0,0,complete,proximate,2,pair24_p49,pair24_p50,icon_only
pair24,p50,6,9,ed1,stairs,1,1,0,0,element,displaced,1,pair24_p50,pair24_p49,icon_only
pair24,p49,7,16,ep4,painting,1,1,1,1,element,proximate,4,pair24_p49,pair24_p50,both
pair24,p50,8,4,cd4,countryside,1,1,0,0,complete,displaced,4,pair24_p50,pair24_p49,icon_only
pair24,p49,9,8,cp4,city,0,1,1,0,complete,proximate,4,pair24_p49,pair24_p50,both
pair24,p50,10,12,ed4,carpet,0,1,0,0,element,displaced,4,pair24_p50,pair24_p49,icon_only
pair24,p49,11,13,ep1,window,1,1,1,0,element,proximate,1,pair24_p49,pair24_p50,both
pair24,p50,12,3,cd3,mountains,0,0,0,0,complete,displaced,3,pair24_p50,pair24_p49,neither
pair24,p49,13,7,cp3,laboratory,0,1,0,0,complete,proximate,3,pair24_p49,pair24_p50,icon_only
pair24,p50,14,14,ep2,chair,1,0,1,1,element,proximate,2,pair24_p50,pair24_p49,index_only
pair24,p49,15,10,ed2,sofa,1,1,0,0,element,displaced,2,pair24_p49,pair24_p50,icon_only
pair24,p50,16,1,cd1,house,0,1,0,0,complete,displaced,1,pair24_p50,pair24_p49,icon_only
pair25,p51,1,6,cp2,basement,0,1,0,0,complete,proximate,2,pair25_p51,pair25_p52,icon_only
pair25,p52,2,16,ep4,painting,1,1,0,0,element,proximate,4,pair25_p52,pair25_p51,icon_only
pair25,p51,3,12,ed4,carpet,1,1,0,0,element,displaced,4,pair25_p51,pair25_p52,icon_only
pair25,p52,4,3,cd3,mountains,1,1,0,0,complete,displaced,3,pair25_p52,pair25_p51,icon_only
pair25,p51,5,7,cp3,laboratory,1,1,1,0,complete,proximate,3,pair25_p51,pair25_p52,both
pair25,p52,6,10,ed2,sofa,0,1,1,1,element,displaced,2,pair25_p52,pair25_p51,both
pair25,p51,7,13,ep1,window,1,1,1,0,element,proximate,1,pair25_p51,pair25_p52,both
pair25,p52,8,1,cd1,house,0,1,0,0,complete,displaced,1,pair25_p52,pair25_p51,icon_only
pair25,p51,9,5,cp1,room,0,1,1,0,complete,proximate,1,pair25_p51,pair25_p52,both
pair25,p52,10,11,ed3,tree,0,1,0,0,element,displaced,3,pair25_p52,pair25_p51,icon_only
pair25,p51,11,14,ep2,chair,1,1,0,0,element,proximate,2,pair25_p51,pair25_p52,icon_only
pair25,p52,12,4,cd4,countryside,0,1,0,0,complete,displaced,4,pair25_p52,pair25_p51,icon_only
pair25,p51,13,8,cp4,city,1,1,0,0,complete,proximate,4,pair25_p51,pair25_p52,icon_only
pair25,p52,14,15,ep3,coathanger,1,0,1,1,element,proximate,3,pair25_p52,pair25_p51,index_only
pair25,p51,15,9,ed1,stairs,0,1,0,0,element,displaced,1,pair25_p51,pair25_p52,icon_only
pair25,p52,16,2,cd2,attic,0,1,1,0,complete,displaced,2,pair25_p52,pair25_p51,both
pair26,p53,1,7,cp3,laboratory,0,0,0,0,complete,proximate,3,pair26_p53,pair26_p54,neither
pair26,p54,2,9,ed1,stairs,0,1,0,0,element,displaced,1,pair26_p54,pair26_p53,icon_only
pair26,p53,3,14,ep2,chair,0,1,0,0,element,proximate,2,pair26_p53,pair26_p54,icon_only
pair26,p54,4,4,cd4,countryside,0,1,0,0,complete,displaced,4,pair26_p54,pair26_p53,icon_only
pair26,p53,5,8,cp4,city,0,1,1,0,complete,proximate,4,pair26_p53,pair26_p54,both
pair26,p54,6,11,ed3,tree,0,1,0,0,element,displaced,3,pair26_p54,pair26_p53,icon_only
pair26,p53,7,15,ep3,coathanger,1,1,0,0,element,proximate,3,pair26_p53,pair26_p54,icon_only
pair26,p54,8,2,cd2,attic,0,1,0,0,complete,displaced,2,pair26_p54,pair26_p53,icon_only
pair26,p53,9,6,cp2,basement,1,1,0,0,complete,proximate,2,pair26_p53,pair26_p54,icon_only
pair26,p54,10,12,ed4,carpet,0,1,0,0,element,displaced,4,pair26_p54,pair26_p53,icon_only
pair26,p53,11,13,ep1,window,1,1,1,0,element,proximate,1,pair26_p53,pair26_p54,both
pair26,p54,12,1,cd1,house,0,1,0,0,complete,displaced,1,pair26_p54,pair26_p53,icon_only
pair26,p53,13,5,cp1,room,1,1,0,0,complete,proximate,1,pair26_p53,pair26_p54,icon_only
pair26,p54,14,16,ep4,painting,1,1,0,0,element,proximate,4,pair26_p54,pair26_p53,icon_only
pair26,p53,15,10,ed2,sofa,0,1,0,0,element,displaced,2,pair26_p53,pair26_p54,icon_only
pair26,p54,16,3,cd3,mountains,1,1,1,0,complete,displaced,3,pair26_p54,pair26_p53,both
pair27,p55,1,8,cp4,city,0,0,0,0,complete,proximate,4,pair27_p55,pair27_p56,neither
pair27,p56,2,10,ed2,sofa,1,1,1,1,element,displaced,2,pair27_p56,pair27_p55,both
pair27,p55,3,13,ep1,window,1,0,1,1,element,proximate,1,pair27_p55,pair27_p56,index_only
pair27,p56,4,1,cd1,house,0,1,0,0,complete,displaced,1,pair27_p56,pair27_p55,icon_only
pair27,p55,5,5,cp1,room,1,0,1,1,complete,proximate,1,pair27_p55,pair27_p56,index_only
pair27,p56,6,12,ed4,carpet,0,1,1,0,element,displaced,4,pair27_p56,pair27_p55,both
pair27,p55,7,16,ep4,painting,1,0,1,1,element,proximate,4,pair27_p55,pair27_p56,index_only
pair27,p56,8,3,cd3,mountains,1,1,1,0,complete,displaced,3,pair27_p56,pair27_p55,both
pair27,p55,9,7,cp3,laboratory,1,1,1,0,complete,proximate,3,pair27_p55,pair27_p56,both
pair27,p56,10,11,ed3,tree,0,0,0,0,element,displaced,3,pair27_p56,pair27_p55,neither
pair27,p55,11,15,ep3,coathanger,1,0,1,1,element,proximate,3,pair27_p55,pair27_p56,index_only
pair27,p56,12,2,cd2,attic,0,0,0,0,complete,displaced,2,pair27_p56,pair27_p55,neither
pair27,p55,13,6,cp2,basement,0,1,0,0,complete,proximate,2,pair27_p55,pair27_p56,icon_only
pair27,p56,14,14,ep2,chair,1,0,1,1,element,proximate,2,pair27_p56,pair27_p55,index_only
pair27,p55,15,9,ed1,stairs,0,1,0,0,element,displaced,1,pair27_p55,pair27_p56,icon_only
pair27,p56,16,4,cd4,countryside,0,1,0,0,complete,displaced,4,pair27_p56,pair27_p55,icon_only
pair28,p57,1,1,cd1,house,0,1,0,0,complete,displaced,1,pair28_p57,pair28_p58,icon_only
pair28,p58,2,8,cp4,city,0,0,0,0,complete,proximate,4,pair28_p58,pair28_p57,neither
pair28,p57,3,16,ep4,painting,1,1,0,0,element,proximate,4,pair28_p57,pair28_p58,icon_only
pair28,p58,4,10,ed2,sofa,0,0,1,1,element,displaced,2,pair28_p58,pair28_p57,index_only
pair28,p57,5,2,cd2,attic,0,1,1,0,complete,displaced,2,pair28_p57,pair28_p58,both
pair28,p58,6,7,cp3,laboratory,0,1,0,0,complete,proximate,3,pair28_p58,pair28_p57,icon_only
pair28,p57,7,14,ep2,chair,1,1,1,0,element,proximate,2,pair28_p57,pair28_p58,both
pair28,p58,8,11,ed3,tree,0,1,0,0,element,displaced,3,pair28_p58,pair28_p57,icon_only
pair28,p57,9,4,cd4,countryside,0,1,0,0,complete,displaced,4,pair28_p57,pair28_p58,icon_only
pair28,p58,10,5,cp1,room,0,0,0,0,complete,proximate,1,pair28_p58,pair28_p57,neither
pair28,p57,11,13,ep1,window,1,1,1,0,element,proximate,1,pair28_p57,pair28_p58,both
pair28,p58,12,12,ed4,carpet,0,1,0,0,element,displaced,4,pair28_p58,pair28_p57,icon_only
pair28,p57,13,3,cd3,mountains,1,1,0,0,complete,displaced,3,pair28_p57,pair28_p58,icon_only
pair28,p58,14,6,cp2,basement,1,1,0,0,complete,proximate,2,pair28_p58,pair28_p57,icon_only
pair28,p57,15,15,ep3,coathanger,1,0,1,1,element,proximate,3,pair28_p57,pair28_p58,index_only
pair28,p58,16,9,ed1,stairs,1,1,0,0,element,displaced,1,pair28_p58,pair28_p57,icon_only
pair29,p59,1,2,cd2,attic,0,1,0,0,complete,displaced,2,pair29_p59,pair29_p60,icon_only
pair29,p60,2,14,ep2,chair,0,1,0,0,element,proximate,2,pair29_p60,pair29_p59,icon_only
pair29,p59,3,5,cp1,room,0,0,0,0,complete,proximate,1,pair29_p59,pair29_p60,neither
pair29,p60,4,11,ed3,tree,0,1,1,1,element,displaced,3,pair29_p60,pair29_p59,both
pair29,p59,5,3,cd3,mountains,0,1,0,0,complete,displaced,3,pair29_p59,pair29_p60,icon_only
pair29,p60,6,8,cp4,city,0,0,0,0,complete,proximate,4,pair29_p60,pair29_p59,neither
pair29,p59,7,15,ep3,coathanger,1,0,1,1,element,proximate,3,pair29_p59,pair29_p60,index_only
pair29,p60,8,9,ed1,stairs,1,1,0,0,element,displaced,1,pair29_p60,pair29_p59,icon_only
pair29,p59,9,1,cd1,house,0,1,1,0,complete,displaced,1,pair29_p59,pair29_p60,both
pair29,p60,10,6,cp2,basement,1,1,1,0,complete,proximate,2,pair29_p60,pair29_p59,both
pair29,p59,11,16,ep4,painting,1,0,1,1,element,proximate,4,pair29_p59,pair29_p60,index_only
pair29,p60,12,10,ed2,sofa,1,1,1,1,element,displaced,2,pair29_p60,pair29_p59,both
pair29,p59,13,4,cd4,countryside,0,1,0,0,complete,displaced,4,pair29_p59,pair29_p60,icon_only
pair29,p60,14,7,cp3,laboratory,0,1,1,1,complete,proximate,3,pair29_p60,pair29_p59,both
pair29,p59,15,13,ep1,window,1,1,1,0,element,proximate,1,pair29_p59,pair29_p60,both
pair29,p60,16,12,ed4,carpet,0,1,1,0,element,displaced,4,pair29_p60,pair29_p59,both
